model,aic,bic,r2
null,164.0990919494519,164.2963165267881,0.0
linear,164.56676518106818,164.9612143357406,0.15655326772527411
quadratic,162.96521495255683,163.55688868456548,0.4347181244326028
